policy,artifact_dir,feature,is_binary,is_low_unique,raw_unique,bins_used,max_raw_unique_per_bin,mean_raw_unique_per_bin,bins_with_multi_raw_unique,bins_with_multi_raw_unique_ratio,raw_values_multibin,raw_values_multioffset,bin_span,bin_gap_min_between_sorted_raw_values,bin_gap_median_between_sorted_raw_values,bin_gap_max_between_sorted_raw_values,offset_unique_count,offset_nonzero_ratio,offset_std,offset_min,offset_max,offset_geometric_noise_suspect,strategy_from_metadata
A_K512_current_mixed,03_outputs/build_mixed_quantile_offset/K512_B512,pslist.nproc,False,True,105,105,1,1.0,0,0.0,0,0,511,2.0,3.0,121.0,105,0.9999786671217681,0.265190040267769,0.0,1.0,True,
A_K512_current_mixed,03_outputs/build_mixed_quantile_offset/K512_B512,pslist.nppid,False,True,48,48,1,1.0,0,0.0,0,0,511,8.0,9.0,44.0,41,0.9919788377847939,0.235968160104776,0.0,1.0,True,
A_K512_current_mixed,03_outputs/build_mixed_quantile_offset/K512_B512,pslist.nprocs64bit,False,True,1,1,1,1.0,0,0.0,0,0,0,,,,1,1.0,0.0,0.5,0.5,False,
A_K512_current_mixed,03_outputs/build_mixed_quantile_offset/K512_B512,handles.nport,False,True,1,1,1,1.0,0,0.0,0,0,0,,,,1,1.0,0.0,0.5,0.5,False,
A_K512_current_mixed,03_outputs/build_mixed_quantile_offset/K512_B512,handles.ndesktop,False,True,60,60,1,1.0,0,0.0,0,0,511,3.0,4.0,93.0,60,0.9999786671217681,0.2980928289709862,0.0,1.0,True,
A_K512_current_mixed,03_outputs/build_mixed_quantile_offset/K512_B512,handles.ndirectory,False,True,104,104,1,1.0,0,0.0,0,0,511,2.0,2.0,99.0,104,0.9999786671217681,0.3426140662978278,0.0,1.0,True,
A_K512_current_mixed,03_outputs/build_mixed_quantile_offset/K512_B512,handles.ntimer,False,True,123,123,1,1.0,0,0.0,0,0,511,3.0,3.0,50.0,123,0.9999786671217681,0.2521712704155497,0.0,1.0,True,
A_K512_current_mixed,03_outputs/build_mixed_quantile_offset/K512_B512,malfind.ninjections,False,True,111,111,1,1.0,0,0.0,0,0,511,1.0,2.0,63.0,111,0.9893975595187303,0.22213071488692687,0.0,1.0,True,
A_K512_current_mixed,03_outputs/build_mixed_quantile_offset/K512_B512,psxview.not_in_pslist,False,True,40,40,1,1.0,0,0.0,0,0,511,11.0,12.0,36.0,40,0.5020692891884974,0.3824741463651704,0.0,1.0,True,
A_K512_current_mixed,03_outputs/build_mixed_quantile_offset/K512_B512,psxview.not_in_eprocess_pool,True,True,2,2,1,1.0,0,0.0,0,0,511,511.0,511.0,511.0,2,0.0021972864578888984,0.04682369475074427,0.0,1.0,True,
A_K512_current_mixed,03_outputs/build_mixed_quantile_offset/K512_B512,psxview.not_in_ethread_pool,False,True,78,78,1,1.0,0,0.0,0,0,511,2.0,3.0,124.0,78,0.5616093523338169,0.28631903606738357,0.0,1.0,True,
A_K512_current_mixed,03_outputs/build_mixed_quantile_offset/K512_B512,psxview.not_in_pspcid_list,False,True,40,40,1,1.0,0,0.0,0,0,511,11.0,12.0,36.0,40,0.5021332878231931,0.38248887025465717,0.0,1.0,True,
A_K512_current_mixed,03_outputs/build_mixed_quantile_offset/K512_B512,psxview.not_in_csrss_handles,False,True,78,78,1,1.0,0,0.0,0,0,511,2.0,3.0,124.0,78,0.562505333219558,0.28651155360437325,0.0,1.0,True,
A_K512_current_mixed,03_outputs/build_mixed_quantile_offset/K512_B512,psxview.not_in_session,False,True,40,40,1,1.0,0,0.0,0,0,511,11.0,12.0,36.0,40,0.5018986261626419,0.38244082026698917,0.0,1.0,True,
A_K512_current_mixed,03_outputs/build_mixed_quantile_offset/K512_B512,psxview.not_in_deskthrd,False,True,82,82,1,1.0,0,0.0,0,0,511,2.0,3.0,123.0,82,0.9965014079699633,0.26273921489367286,0.0,1.0,True,
A_K512_current_mixed,03_outputs/build_mixed_quantile_offset/K512_B512,modules.nmodules,False,True,3,3,1,1.0,0,0.0,0,0,511,42.0,255.5,469.0,3,0.9999786671217681,0.12845378432703577,0.0,1.0,True,
A_K512_current_mixed,03_outputs/build_mixed_quantile_offset/K512_B512,svcscan.nservices,False,True,30,30,1,1.0,0,0.0,0,0,511,1.0,6.0,134.0,30,0.9999786671217681,0.12715141420970402,0.0,1.0,True,
A_K512_current_mixed,03_outputs/build_mixed_quantile_offset/K512_B512,svcscan.kernel_drivers,False,True,19,19,1,1.0,0,0.0,0,0,511,3.0,8.0,147.0,19,0.9999786671217681,0.041196213220383686,0.0,1.0,True,
A_K512_current_mixed,03_outputs/build_mixed_quantile_offset/K512_B512,svcscan.fs_drivers,False,True,10,10,1,1.0,0,0.0,0,0,511,25.0,26.0,230.0,6,0.9999573342435362,0.020852914435586054,0.0,1.0,True,
A_K512_current_mixed,03_outputs/build_mixed_quantile_offset/K512_B512,svcscan.process_services,False,True,14,14,1,1.0,0,0.0,0,0,511,25.0,26.0,180.0,6,0.9993386807748101,0.38184161571575315,0.0,1.0,True,
A_K512_current_mixed,03_outputs/build_mixed_quantile_offset/K512_B512,svcscan.shared_process_services,False,True,22,22,1,1.0,0,0.0,0,0,511,5.0,16.0,156.0,18,0.9999360013653043,0.08540605936365453,0.0,1.0,True,
A_K512_current_mixed,03_outputs/build_mixed_quantile_offset/K512_B512,svcscan.interactive_process_services,False,True,1,1,1,1.0,0,0.0,0,0,0,,,,1,1.0,0.0,0.5,0.5,False,
A_K512_current_mixed,03_outputs/build_mixed_quantile_offset/K512_B512,svcscan.nactive,False,True,34,34,1,1.0,0,0.0,0,0,511,5.0,5.0,98.0,34,0.9999786671217681,0.30257740904682584,0.0,1.0,True,
A_K512_current_mixed,03_outputs/build_mixed_quantile_offset/K512_B512,callbacks.ncallbacks,False,True,13,13,1,1.0,0,0.0,0,0,511,13.0,13.0,368.0,13,0.9999786671217681,0.10259566863051109,0.0,1.0,True,
A_K512_current_mixed,03_outputs/build_mixed_quantile_offset/K512_B512,callbacks.nanonymous,True,True,2,2,1,1.0,0,0.0,0,0,511,511.0,511.0,511.0,2,0.0008533151292772421,0.02919909215313703,0.0,1.0,True,
A_K512_current_mixed,03_outputs/build_mixed_quantile_offset/K512_B512,callbacks.ngeneric,True,True,2,2,1,1.0,0,0.0,0,0,511,511.0,511.0,511.0,2,0.9998720027306084,0.011312863744013475,0.0,1.0,True,
B_K512_rank_uniform_all,03_outputs/build_mixed_quantile_offset/K512_B512_rank_uniform_only,pslist.nproc,False,True,105,105,1,1.0,0,0.0,0,0,511,4.0,5.0,5.0,14,0.986389623688028,0.19718233422783038,0.0,1.0,True,rank_uniform_offset
B_K512_rank_uniform_all,03_outputs/build_mixed_quantile_offset/K512_B512_rank_uniform_only,pslist.nppid,False,True,48,48,1,1.0,0,0.0,0,0,511,10.0,11.0,11.0,48,0.9920641692977217,0.25279616639521,0.0,1.0,True,rank_uniform_offset
B_K512_rank_uniform_all,03_outputs/build_mixed_quantile_offset/K512_B512_rank_uniform_only,pslist.nprocs64bit,False,True,1,1,1,1.0,0,0.0,0,0,0,,,,1,0.0,0.0,0.0,0.0,False,constant
B_K512_rank_uniform_all,03_outputs/build_mixed_quantile_offset/K512_B512_rank_uniform_only,handles.nport,False,True,1,1,1,1.0,0,0.0,0,0,0,,,,1,0.0,0.0,0.0,0.0,False,constant
B_K512_rank_uniform_all,03_outputs/build_mixed_quantile_offset/K512_B512_rank_uniform_only,handles.ndesktop,False,True,60,60,1,1.0,0,0.0,0,0,511,8.0,9.0,9.0,60,0.9999786671217681,0.27576663996924033,0.0,1.0,True,rank_uniform_offset
B_K512_rank_uniform_all,03_outputs/build_mixed_quantile_offset/K512_B512_rank_uniform_only,handles.ndirectory,False,True,104,104,1,1.0,0,0.0,0,0,511,4.0,5.0,5.0,104,0.9999786671217681,0.23545818061830298,0.0,1.0,True,rank_uniform_offset
B_K512_rank_uniform_all,03_outputs/build_mixed_quantile_offset/K512_B512_rank_uniform_only,handles.ntimer,False,True,123,123,1,1.0,0,0.0,0,0,511,4.0,4.0,5.0,62,0.9793711067497227,0.28559784144087386,0.0,1.0,True,rank_uniform_offset
B_K512_rank_uniform_all,03_outputs/build_mixed_quantile_offset/K512_B512_rank_uniform_only,malfind.ninjections,False,True,111,111,1,1.0,0,0.0,0,0,511,4.0,5.0,5.0,56,0.9892268964928748,0.27889379467772774,0.0,1.0,True,rank_uniform_offset
B_K512_rank_uniform_all,03_outputs/build_mixed_quantile_offset/K512_B512_rank_uniform_only,psxview.not_in_pslist,False,True,40,40,1,1.0,0,0.0,0,0,511,13.0,13.0,14.0,40,0.5020692891884974,0.2387872337885497,0.0,1.0,True,rank_uniform_offset
B_K512_rank_uniform_all,03_outputs/build_mixed_quantile_offset/K512_B512_rank_uniform_only,psxview.not_in_eprocess_pool,True,True,2,2,1,1.0,0,0.0,0,0,511,511.0,511.0,511.0,2,0.0021972864578888984,0.04682369475074427,0.0,1.0,True,rank_uniform_offset
B_K512_rank_uniform_all,03_outputs/build_mixed_quantile_offset/K512_B512_rank_uniform_only,psxview.not_in_ethread_pool,False,True,78,78,1,1.0,0,0.0,0,0,511,6.0,7.0,7.0,78,0.5616093523338169,0.33910601458634415,0.0,1.0,True,rank_uniform_offset
B_K512_rank_uniform_all,03_outputs/build_mixed_quantile_offset/K512_B512_rank_uniform_only,psxview.not_in_pspcid_list,False,True,40,40,1,1.0,0,0.0,0,0,511,13.0,13.0,14.0,40,0.5021332878231931,0.23879141500536172,0.0,1.0,True,rank_uniform_offset
B_K512_rank_uniform_all,03_outputs/build_mixed_quantile_offset/K512_B512_rank_uniform_only,psxview.not_in_csrss_handles,False,True,78,78,1,1.0,0,0.0,0,0,511,6.0,7.0,7.0,78,0.562505333219558,0.33906085515427786,0.0,1.0,True,rank_uniform_offset
B_K512_rank_uniform_all,03_outputs/build_mixed_quantile_offset/K512_B512_rank_uniform_only,psxview.not_in_session,False,True,40,40,1,1.0,0,0.0,0,0,511,13.0,13.0,14.0,40,0.5018986261626419,0.23881322830280768,0.0,1.0,True,rank_uniform_offset
B_K512_rank_uniform_all,03_outputs/build_mixed_quantile_offset/K512_B512_rank_uniform_only,psxview.not_in_deskthrd,False,True,82,82,1,1.0,0,0.0,0,0,511,6.0,6.0,7.0,82,0.9965014079699633,0.2390748640316346,0.0,1.0,True,rank_uniform_offset
B_K512_rank_uniform_all,03_outputs/build_mixed_quantile_offset/K512_B512_rank_uniform_only,modules.nmodules,False,True,3,3,1,1.0,0,0.0,0,0,511,255.0,255.5,256.0,2,0.9614088232784367,0.192618529225016,0.0,1.0,True,rank_uniform_offset
B_K512_rank_uniform_all,03_outputs/build_mixed_quantile_offset/K512_B512_rank_uniform_only,svcscan.nservices,False,True,30,30,1,1.0,0,0.0,0,0,511,17.0,18.0,18.0,30,0.9999786671217681,0.4472342934939636,0.0,1.0,True,rank_uniform_offset
B_K512_rank_uniform_all,03_outputs/build_mixed_quantile_offset/K512_B512_rank_uniform_only,svcscan.kernel_drivers,False,True,19,19,1,1.0,0,0.0,0,0,511,28.0,28.0,29.0,10,0.9999573342435362,0.24443996932384068,0.0,1.0,True,rank_uniform_offset
B_K512_rank_uniform_all,03_outputs/build_mixed_quantile_offset/K512_B512_rank_uniform_only,svcscan.fs_drivers,False,True,10,10,1,1.0,0,0.0,0,0,511,56.0,57.0,57.0,10,0.9999786671217681,0.021470920755664723,0.0,1.0,True,rank_uniform_offset
B_K512_rank_uniform_all,03_outputs/build_mixed_quantile_offset/K512_B512_rank_uniform_only,svcscan.process_services,False,True,14,14,1,1.0,0,0.0,0,0,511,39.0,39.0,40.0,14,0.9999573342435362,0.11436905791170146,0.0,1.0,True,rank_uniform_offset
B_K512_rank_uniform_all,03_outputs/build_mixed_quantile_offset/K512_B512_rank_uniform_only,svcscan.shared_process_services,False,True,22,22,1,1.0,0,0.0,0,0,511,24.0,24.0,25.0,22,0.9999786671217681,0.3749264420016561,0.0,1.0,True,rank_uniform_offset
B_K512_rank_uniform_all,03_outputs/build_mixed_quantile_offset/K512_B512_rank_uniform_only,svcscan.interactive_process_services,False,True,1,1,1,1.0,0,0.0,0,0,0,,,,1,0.0,0.0,0.0,0.0,False,constant
B_K512_rank_uniform_all,03_outputs/build_mixed_quantile_offset/K512_B512_rank_uniform_only,svcscan.nactive,False,True,34,34,1,1.0,0,0.0,0,0,511,15.0,15.0,16.0,34,0.9999786671217681,0.24661962795110134,0.0,1.0,True,rank_uniform_offset
B_K512_rank_uniform_all,03_outputs/build_mixed_quantile_offset/K512_B512_rank_uniform_only,callbacks.ncallbacks,False,True,13,13,1,1.0,0,0.0,0,0,511,42.0,43.0,43.0,4,0.7626503967915351,0.24950525255676945,0.0,1.0,True,rank_uniform_offset
B_K512_rank_uniform_all,03_outputs/build_mixed_quantile_offset/K512_B512_rank_uniform_only,callbacks.nanonymous,True,True,2,2,1,1.0,0,0.0,0,0,511,511.0,511.0,511.0,2,0.0008533151292772421,0.02919909215313703,0.0,1.0,True,rank_uniform_offset
B_K512_rank_uniform_all,03_outputs/build_mixed_quantile_offset/K512_B512_rank_uniform_only,callbacks.ngeneric,True,True,2,2,1,1.0,0,0.0,0,0,511,511.0,511.0,511.0,2,0.9998720027306084,0.011312863744013475,0.0,1.0,True,rank_uniform_offset
C1_K512_selective_rank_current,03_outputs/build_mixed_quantile_offset/K512_B512_C1_selective_rank_current,pslist.nproc,False,True,105,105,1,1.0,0,0.0,0,0,511,2.0,3.0,121.0,105,0.9999786671217681,0.265190040267769,0.0,1.0,True,keep_current
C1_K512_selective_rank_current,03_outputs/build_mixed_quantile_offset/K512_B512_C1_selective_rank_current,pslist.nppid,False,True,48,48,1,1.0,0,0.0,0,0,511,8.0,9.0,44.0,41,0.9919788377847939,0.235968160104776,0.0,1.0,True,keep_current
C1_K512_selective_rank_current,03_outputs/build_mixed_quantile_offset/K512_B512_C1_selective_rank_current,pslist.nprocs64bit,False,True,1,1,1,1.0,0,0.0,0,0,0,,,,1,1.0,0.0,0.5,0.5,False,constant
C1_K512_selective_rank_current,03_outputs/build_mixed_quantile_offset/K512_B512_C1_selective_rank_current,handles.nport,False,True,1,1,1,1.0,0,0.0,0,0,0,,,,1,1.0,0.0,0.5,0.5,False,constant
C1_K512_selective_rank_current,03_outputs/build_mixed_quantile_offset/K512_B512_C1_selective_rank_current,handles.ndesktop,False,True,60,60,1,1.0,0,0.0,0,0,511,3.0,4.0,93.0,60,0.9999786671217681,0.2980928289709862,0.0,1.0,True,keep_current
C1_K512_selective_rank_current,03_outputs/build_mixed_quantile_offset/K512_B512_C1_selective_rank_current,handles.ndirectory,False,True,104,104,1,1.0,0,0.0,0,0,511,2.0,2.0,99.0,104,0.9999786671217681,0.3426140662978278,0.0,1.0,True,keep_current
C1_K512_selective_rank_current,03_outputs/build_mixed_quantile_offset/K512_B512_C1_selective_rank_current,handles.ntimer,False,True,123,123,1,1.0,0,0.0,0,0,511,3.0,3.0,50.0,123,0.9999786671217681,0.2521712704155497,0.0,1.0,True,keep_current
C1_K512_selective_rank_current,03_outputs/build_mixed_quantile_offset/K512_B512_C1_selective_rank_current,malfind.ninjections,False,True,111,111,1,1.0,0,0.0,0,0,511,1.0,2.0,63.0,111,0.9893975595187303,0.22213071488692687,0.0,1.0,True,keep_current
C1_K512_selective_rank_current,03_outputs/build_mixed_quantile_offset/K512_B512_C1_selective_rank_current,psxview.not_in_pslist,False,True,40,40,1,1.0,0,0.0,0,0,511,11.0,12.0,36.0,40,0.5020692891884974,0.3824741463651704,0.0,1.0,True,keep_current
C1_K512_selective_rank_current,03_outputs/build_mixed_quantile_offset/K512_B512_C1_selective_rank_current,psxview.not_in_eprocess_pool,True,True,2,2,1,1.0,0,0.0,0,0,511,511.0,511.0,511.0,2,0.0021972864578888984,0.04682369475074427,0.0,1.0,True,keep_current
C1_K512_selective_rank_current,03_outputs/build_mixed_quantile_offset/K512_B512_C1_selective_rank_current,psxview.not_in_ethread_pool,False,True,78,78,1,1.0,0,0.0,0,0,511,2.0,3.0,124.0,78,0.5616093523338169,0.28631903606738357,0.0,1.0,True,keep_current
C1_K512_selective_rank_current,03_outputs/build_mixed_quantile_offset/K512_B512_C1_selective_rank_current,psxview.not_in_pspcid_list,False,True,40,40,1,1.0,0,0.0,0,0,511,11.0,12.0,36.0,40,0.5021332878231931,0.38248887025465717,0.0,1.0,True,keep_current
C1_K512_selective_rank_current,03_outputs/build_mixed_quantile_offset/K512_B512_C1_selective_rank_current,psxview.not_in_csrss_handles,False,True,78,78,1,1.0,0,0.0,0,0,511,2.0,3.0,124.0,78,0.562505333219558,0.28651155360437325,0.0,1.0,True,keep_current
C1_K512_selective_rank_current,03_outputs/build_mixed_quantile_offset/K512_B512_C1_selective_rank_current,psxview.not_in_session,False,True,40,40,1,1.0,0,0.0,0,0,511,11.0,12.0,36.0,40,0.5018986261626419,0.38244082026698917,0.0,1.0,True,keep_current
C1_K512_selective_rank_current,03_outputs/build_mixed_quantile_offset/K512_B512_C1_selective_rank_current,psxview.not_in_deskthrd,False,True,82,82,1,1.0,0,0.0,0,0,511,2.0,3.0,123.0,82,0.9965014079699633,0.26273921489367286,0.0,1.0,True,keep_current
C1_K512_selective_rank_current,03_outputs/build_mixed_quantile_offset/K512_B512_C1_selective_rank_current,modules.nmodules,False,True,3,3,1,1.0,0,0.0,0,0,511,42.0,255.5,469.0,3,0.9999786671217681,0.12845378432703577,0.0,1.0,True,keep_current
C1_K512_selective_rank_current,03_outputs/build_mixed_quantile_offset/K512_B512_C1_selective_rank_current,svcscan.nservices,False,True,30,30,1,1.0,0,0.0,0,0,511,1.0,6.0,134.0,30,0.9999786671217681,0.12715141420970402,0.0,1.0,True,keep_current
C1_K512_selective_rank_current,03_outputs/build_mixed_quantile_offset/K512_B512_C1_selective_rank_current,svcscan.kernel_drivers,False,True,19,19,1,1.0,0,0.0,0,0,511,3.0,8.0,147.0,19,0.9999786671217681,0.041196213220383686,0.0,1.0,True,keep_current
C1_K512_selective_rank_current,03_outputs/build_mixed_quantile_offset/K512_B512_C1_selective_rank_current,svcscan.fs_drivers,False,True,10,10,1,1.0,0,0.0,0,0,511,25.0,26.0,230.0,6,0.9999573342435362,0.020852914435586054,0.0,1.0,True,keep_current
C1_K512_selective_rank_current,03_outputs/build_mixed_quantile_offset/K512_B512_C1_selective_rank_current,svcscan.process_services,False,True,14,14,1,1.0,0,0.0,0,0,511,25.0,26.0,180.0,6,0.9993386807748101,0.38184161571575315,0.0,1.0,True,keep_current
C1_K512_selective_rank_current,03_outputs/build_mixed_quantile_offset/K512_B512_C1_selective_rank_current,svcscan.shared_process_services,False,True,22,22,1,1.0,0,0.0,0,0,511,5.0,16.0,156.0,18,0.9999360013653043,0.08540605936365453,0.0,1.0,True,keep_current
C1_K512_selective_rank_current,03_outputs/build_mixed_quantile_offset/K512_B512_C1_selective_rank_current,svcscan.interactive_process_services,False,True,1,1,1,1.0,0,0.0,0,0,0,,,,1,1.0,0.0,0.5,0.5,False,constant
C1_K512_selective_rank_current,03_outputs/build_mixed_quantile_offset/K512_B512_C1_selective_rank_current,svcscan.nactive,False,True,34,34,1,1.0,0,0.0,0,0,511,5.0,5.0,98.0,34,0.9999786671217681,0.30257740904682584,0.0,1.0,True,keep_current
C1_K512_selective_rank_current,03_outputs/build_mixed_quantile_offset/K512_B512_C1_selective_rank_current,callbacks.ncallbacks,False,True,13,13,1,1.0,0,0.0,0,0,511,13.0,13.0,368.0,13,0.9999786671217681,0.10259566863051109,0.0,1.0,True,keep_current
C1_K512_selective_rank_current,03_outputs/build_mixed_quantile_offset/K512_B512_C1_selective_rank_current,callbacks.nanonymous,True,True,2,2,1,1.0,0,0.0,0,0,511,511.0,511.0,511.0,2,0.0008533151292772421,0.02919909215313703,0.0,1.0,True,keep_current
C1_K512_selective_rank_current,03_outputs/build_mixed_quantile_offset/K512_B512_C1_selective_rank_current,callbacks.ngeneric,True,True,2,2,1,1.0,0,0.0,0,0,511,511.0,511.0,511.0,2,0.9998720027306084,0.011312863744013475,0.0,1.0,True,keep_current
C2_K512_selective_rank_discrete_compact,03_outputs/build_mixed_quantile_offset/K512_B512_C2_selective_rank_discrete_compact,pslist.nproc,False,True,105,105,1,1.0,0,0.0,0,0,104,1.0,1.0,1.0,1,0.0,0.0,0.0,0.0,False,discrete_compact_offset0
C2_K512_selective_rank_discrete_compact,03_outputs/build_mixed_quantile_offset/K512_B512_C2_selective_rank_discrete_compact,pslist.nppid,False,True,48,48,1,1.0,0,0.0,0,0,47,1.0,1.0,1.0,1,0.0,0.0,0.0,0.0,False,discrete_compact_offset0
C2_K512_selective_rank_discrete_compact,03_outputs/build_mixed_quantile_offset/K512_B512_C2_selective_rank_discrete_compact,pslist.nprocs64bit,False,True,1,1,1,1.0,0,0.0,0,0,0,,,,1,1.0,0.0,0.5,0.5,False,constant
C2_K512_selective_rank_discrete_compact,03_outputs/build_mixed_quantile_offset/K512_B512_C2_selective_rank_discrete_compact,handles.nport,False,True,1,1,1,1.0,0,0.0,0,0,0,,,,1,1.0,0.0,0.5,0.5,False,constant
C2_K512_selective_rank_discrete_compact,03_outputs/build_mixed_quantile_offset/K512_B512_C2_selective_rank_discrete_compact,handles.ndesktop,False,True,60,60,1,1.0,0,0.0,0,0,59,1.0,1.0,1.0,1,0.0,0.0,0.0,0.0,False,discrete_compact_offset0
C2_K512_selective_rank_discrete_compact,03_outputs/build_mixed_quantile_offset/K512_B512_C2_selective_rank_discrete_compact,handles.ndirectory,False,True,104,104,1,1.0,0,0.0,0,0,103,1.0,1.0,1.0,1,0.0,0.0,0.0,0.0,False,discrete_compact_offset0
C2_K512_selective_rank_discrete_compact,03_outputs/build_mixed_quantile_offset/K512_B512_C2_selective_rank_discrete_compact,handles.ntimer,False,True,123,123,1,1.0,0,0.0,0,0,122,1.0,1.0,1.0,1,0.0,0.0,0.0,0.0,False,discrete_compact_offset0
C2_K512_selective_rank_discrete_compact,03_outputs/build_mixed_quantile_offset/K512_B512_C2_selective_rank_discrete_compact,malfind.ninjections,False,True,111,111,1,1.0,0,0.0,0,0,110,1.0,1.0,1.0,1,0.0,0.0,0.0,0.0,False,discrete_compact_offset0
C2_K512_selective_rank_discrete_compact,03_outputs/build_mixed_quantile_offset/K512_B512_C2_selective_rank_discrete_compact,psxview.not_in_pslist,False,True,40,40,1,1.0,0,0.0,0,0,39,1.0,1.0,1.0,1,0.0,0.0,0.0,0.0,False,discrete_compact_offset0
C2_K512_selective_rank_discrete_compact,03_outputs/build_mixed_quantile_offset/K512_B512_C2_selective_rank_discrete_compact,psxview.not_in_eprocess_pool,True,True,2,2,1,1.0,0,0.0,0,0,1,1.0,1.0,1.0,1,0.0,0.0,0.0,0.0,False,discrete_compact_offset0
C2_K512_selective_rank_discrete_compact,03_outputs/build_mixed_quantile_offset/K512_B512_C2_selective_rank_discrete_compact,psxview.not_in_ethread_pool,False,True,78,78,1,1.0,0,0.0,0,0,77,1.0,1.0,1.0,1,0.0,0.0,0.0,0.0,False,discrete_compact_offset0
C2_K512_selective_rank_discrete_compact,03_outputs/build_mixed_quantile_offset/K512_B512_C2_selective_rank_discrete_compact,psxview.not_in_pspcid_list,False,True,40,40,1,1.0,0,0.0,0,0,39,1.0,1.0,1.0,1,0.0,0.0,0.0,0.0,False,discrete_compact_offset0
C2_K512_selective_rank_discrete_compact,03_outputs/build_mixed_quantile_offset/K512_B512_C2_selective_rank_discrete_compact,psxview.not_in_csrss_handles,False,True,78,78,1,1.0,0,0.0,0,0,77,1.0,1.0,1.0,1,0.0,0.0,0.0,0.0,False,discrete_compact_offset0
C2_K512_selective_rank_discrete_compact,03_outputs/build_mixed_quantile_offset/K512_B512_C2_selective_rank_discrete_compact,psxview.not_in_session,False,True,40,40,1,1.0,0,0.0,0,0,39,1.0,1.0,1.0,1,0.0,0.0,0.0,0.0,False,discrete_compact_offset0
C2_K512_selective_rank_discrete_compact,03_outputs/build_mixed_quantile_offset/K512_B512_C2_selective_rank_discrete_compact,psxview.not_in_deskthrd,False,True,82,82,1,1.0,0,0.0,0,0,81,1.0,1.0,1.0,1,0.0,0.0,0.0,0.0,False,discrete_compact_offset0
C2_K512_selective_rank_discrete_compact,03_outputs/build_mixed_quantile_offset/K512_B512_C2_selective_rank_discrete_compact,modules.nmodules,False,True,3,3,1,1.0,0,0.0,0,0,2,1.0,1.0,1.0,1,0.0,0.0,0.0,0.0,False,discrete_compact_offset0
C2_K512_selective_rank_discrete_compact,03_outputs/build_mixed_quantile_offset/K512_B512_C2_selective_rank_discrete_compact,svcscan.nservices,False,True,30,30,1,1.0,0,0.0,0,0,29,1.0,1.0,1.0,1,0.0,0.0,0.0,0.0,False,discrete_compact_offset0
C2_K512_selective_rank_discrete_compact,03_outputs/build_mixed_quantile_offset/K512_B512_C2_selective_rank_discrete_compact,svcscan.kernel_drivers,False,True,19,19,1,1.0,0,0.0,0,0,18,1.0,1.0,1.0,1,0.0,0.0,0.0,0.0,False,discrete_compact_offset0
C2_K512_selective_rank_discrete_compact,03_outputs/build_mixed_quantile_offset/K512_B512_C2_selective_rank_discrete_compact,svcscan.fs_drivers,False,True,10,10,1,1.0,0,0.0,0,0,9,1.0,1.0,1.0,1,0.0,0.0,0.0,0.0,False,discrete_compact_offset0
C2_K512_selective_rank_discrete_compact,03_outputs/build_mixed_quantile_offset/K512_B512_C2_selective_rank_discrete_compact,svcscan.process_services,False,True,14,14,1,1.0,0,0.0,0,0,13,1.0,1.0,1.0,1,0.0,0.0,0.0,0.0,False,discrete_compact_offset0
C2_K512_selective_rank_discrete_compact,03_outputs/build_mixed_quantile_offset/K512_B512_C2_selective_rank_discrete_compact,svcscan.shared_process_services,False,True,22,22,1,1.0,0,0.0,0,0,21,1.0,1.0,1.0,1,0.0,0.0,0.0,0.0,False,discrete_compact_offset0
C2_K512_selective_rank_discrete_compact,03_outputs/build_mixed_quantile_offset/K512_B512_C2_selective_rank_discrete_compact,svcscan.interactive_process_services,False,True,1,1,1,1.0,0,0.0,0,0,0,,,,1,1.0,0.0,0.5,0.5,False,constant
C2_K512_selective_rank_discrete_compact,03_outputs/build_mixed_quantile_offset/K512_B512_C2_selective_rank_discrete_compact,svcscan.nactive,False,True,34,34,1,1.0,0,0.0,0,0,33,1.0,1.0,1.0,1,0.0,0.0,0.0,0.0,False,discrete_compact_offset0
C2_K512_selective_rank_discrete_compact,03_outputs/build_mixed_quantile_offset/K512_B512_C2_selective_rank_discrete_compact,callbacks.ncallbacks,False,True,13,13,1,1.0,0,0.0,0,0,12,1.0,1.0,1.0,1,0.0,0.0,0.0,0.0,False,discrete_compact_offset0
C2_K512_selective_rank_discrete_compact,03_outputs/build_mixed_quantile_offset/K512_B512_C2_selective_rank_discrete_compact,callbacks.nanonymous,True,True,2,2,1,1.0,0,0.0,0,0,1,1.0,1.0,1.0,1,0.0,0.0,0.0,0.0,False,discrete_compact_offset0
C2_K512_selective_rank_discrete_compact,03_outputs/build_mixed_quantile_offset/K512_B512_C2_selective_rank_discrete_compact,callbacks.ngeneric,True,True,2,2,1,1.0,0,0.0,0,0,1,1.0,1.0,1.0,1,0.0,0.0,0.0,0.0,False,discrete_compact_offset0
K256_current_mixed,03_outputs/build_mixed_quantile_offset/K256_B256,pslist.nproc,False,True,105,105,1,1.0,0,0.0,0,0,255,1.0,1.0,60.0,105,0.9999786671217681,0.2737703740864237,0.0,1.0,True,
K256_current_mixed,03_outputs/build_mixed_quantile_offset/K256_B256,pslist.nppid,False,True,48,48,1,1.0,0,0.0,0,0,255,4.0,4.0,22.0,41,0.9919788377847939,0.2609788583626799,0.0,1.0,True,
K256_current_mixed,03_outputs/build_mixed_quantile_offset/K256_B256,pslist.nprocs64bit,False,True,1,1,1,1.0,0,0.0,0,0,0,,,,1,1.0,0.0,0.5,0.5,False,
K256_current_mixed,03_outputs/build_mixed_quantile_offset/K256_B256,handles.nport,False,True,1,1,1,1.0,0,0.0,0,0,0,,,,1,1.0,0.0,0.5,0.5,False,
K256_current_mixed,03_outputs/build_mixed_quantile_offset/K256_B256,handles.ndesktop,False,True,60,60,1,1.0,0,0.0,0,0,255,1.0,2.0,47.0,60,0.9999786671217681,0.31268507030806747,0.0,1.0,True,
K256_current_mixed,03_outputs/build_mixed_quantile_offset/K256_B256,handles.ndirectory,False,True,104,104,1,1.0,0,0.0,0,0,255,1.0,1.0,49.0,104,0.9999786671217681,0.11110903730172439,0.0,1.0,True,
K256_current_mixed,03_outputs/build_mixed_quantile_offset/K256_B256,handles.ntimer,False,True,123,123,1,1.0,0,0.0,0,0,255,1.0,2.0,25.0,123,0.9999786671217681,0.23477851193716592,0.0,1.0,True,
K256_current_mixed,03_outputs/build_mixed_quantile_offset/K256_B256,malfind.ninjections,False,True,111,111,1,1.0,0,0.0,0,0,255,1.0,1.0,22.0,111,0.9893975595187303,0.2720856841351286,0.0,1.0,True,
K256_current_mixed,03_outputs/build_mixed_quantile_offset/K256_B256,psxview.not_in_pslist,False,True,40,40,1,1.0,0,0.0,0,0,255,5.0,6.0,18.0,40,0.5020692891884974,0.4264931712023984,0.0,1.0,True,
K256_current_mixed,03_outputs/build_mixed_quantile_offset/K256_B256,psxview.not_in_eprocess_pool,True,True,2,2,1,1.0,0,0.0,0,0,255,255.0,255.0,255.0,2,0.0021972864578888984,0.04682369475074427,0.0,1.0,True,
K256_current_mixed,03_outputs/build_mixed_quantile_offset/K256_B256,psxview.not_in_ethread_pool,False,True,78,78,1,1.0,0,0.0,0,0,255,1.0,2.0,62.0,78,0.5616093523338169,0.2836141437157327,0.0,1.0,True,
K256_current_mixed,03_outputs/build_mixed_quantile_offset/K256_B256,psxview.not_in_pspcid_list,False,True,40,40,1,1.0,0,0.0,0,0,255,5.0,6.0,18.0,40,0.5021332878231931,0.4264900272859112,0.0,1.0,True,
K256_current_mixed,03_outputs/build_mixed_quantile_offset/K256_B256,psxview.not_in_csrss_handles,False,True,78,78,1,1.0,0,0.0,0,0,255,1.0,2.0,62.0,78,0.562505333219558,0.28361142552386803,0.0,1.0,True,
K256_current_mixed,03_outputs/build_mixed_quantile_offset/K256_B256,psxview.not_in_session,False,True,40,40,1,1.0,0,0.0,0,0,255,5.0,6.0,18.0,40,0.5018986261626419,0.4264752420891828,0.0,1.0,True,
K256_current_mixed,03_outputs/build_mixed_quantile_offset/K256_B256,psxview.not_in_deskthrd,False,True,82,82,1,1.0,0,0.0,0,0,255,1.0,2.0,61.0,82,0.9965014079699633,0.23417621537019134,0.0,1.0,True,
K256_current_mixed,03_outputs/build_mixed_quantile_offset/K256_B256,modules.nmodules,False,True,3,3,1,1.0,0,0.0,0,0,255,21.0,127.5,234.0,3,0.9999786671217681,0.06434919086063022,0.0,1.0,True,
K256_current_mixed,03_outputs/build_mixed_quantile_offset/K256_B256,svcscan.nservices,False,True,30,30,1,1.0,0,0.0,0,0,255,2.0,4.0,53.0,30,0.9999786671217681,0.1906858333959812,0.0,1.0,True,
K256_current_mixed,03_outputs/build_mixed_quantile_offset/K256_B256,svcscan.kernel_drivers,False,True,19,19,1,1.0,0,0.0,0,0,255,1.0,3.5,73.0,19,0.9999786671217681,0.26524816203819035,0.0,1.0,True,
K256_current_mixed,03_outputs/build_mixed_quantile_offset/K256_B256,svcscan.fs_drivers,False,True,10,10,1,1.0,0,0.0,0,0,255,12.0,13.0,115.0,6,0.9999573342435362,0.016517392456071794,0.0,1.0,True,
K256_current_mixed,03_outputs/build_mixed_quantile_offset/K256_B256,svcscan.process_services,False,True,14,14,1,1.0,0,0.0,0,0,255,12.0,13.0,90.0,6,0.9993386807748101,0.2012793893672981,0.0,1.0,True,
K256_current_mixed,03_outputs/build_mixed_quantile_offset/K256_B256,svcscan.shared_process_services,False,True,22,22,1,1.0,0,0.0,0,0,255,2.0,8.0,78.0,18,0.9999360013653043,0.27865280089570177,0.0,1.0,True,
K256_current_mixed,03_outputs/build_mixed_quantile_offset/K256_B256,svcscan.interactive_process_services,False,True,1,1,1,1.0,0,0.0,0,0,0,,,,1,1.0,0.0,0.5,0.5,False,
K256_current_mixed,03_outputs/build_mixed_quantile_offset/K256_B256,svcscan.nactive,False,True,34,34,1,1.0,0,0.0,0,0,255,2.0,3.0,49.0,34,0.9999786671217681,0.29217233432016987,0.0,1.0,True,
K256_current_mixed,03_outputs/build_mixed_quantile_offset/K256_B256,callbacks.ncallbacks,False,True,13,13,1,1.0,0,0.0,0,0,255,6.0,6.5,184.0,13,0.9999786671217681,0.23241053649618196,0.0,1.0,True,
K256_current_mixed,03_outputs/build_mixed_quantile_offset/K256_B256,callbacks.nanonymous,True,True,2,2,1,1.0,0,0.0,0,0,255,255.0,255.0,255.0,2,0.0008533151292772421,0.02919909215313703,0.0,1.0,True,
K256_current_mixed,03_outputs/build_mixed_quantile_offset/K256_B256,callbacks.ngeneric,True,True,2,2,1,1.0,0,0.0,0,0,255,255.0,255.0,255.0,2,0.9998720027306084,0.011312863744013475,0.0,1.0,True,
